1;2;5
2;1;4
3;4;6
4;2;3
5;1;6
6;3;5
7;8;10
8;7;10
9;10;15
10;7;8;9
11;12;13
12;11;13
13;11;12
14;15;16
15;9;14
16;14;20
17;18;19
18;17;19
19;17;18
20;16;22
21;22;25
22;20;21
23;24;25
24;23;29
25;21;23
26;27;28
27;26;28
28;26;27
29;24;30
30;29;33
31;32;33
32;31;37
33;30;31
34;35;37
35;34;36
36;35;37
37;32;34;36
38;39;41
39;38;41
40;41;42
41;38;39;40
42;40;43
43;42;46
44;45;48
45;44;46
46;43;45
47;48;50
48;44;47
49;50;53
50;47;49
51;52;53
52;51;54
53;49;51
54;52;56
55;56;58
56;54;55
57;58;60
58;55;57
59;60;64
60;57;59
61;62;63
62;61;63
63;61;62
64;59;66
65;66;68
66;64;65
67;68;70
68;65;67
69;70;72
70;67;69
71;72;75
72;69;71
73;74;75
74;73;75
75;71;73;74
76;77;79
77;76;78
78;77;81
79;76;80
80;79;83
81;78;85
82;83;88
83;80;82
84;85;87
85;81;84
86;87;89
87;84;86
88;82;89
89;86;88
90;91;94
91;90;92
92;91;94
93;94;97
94;90;92;93
95;96;97
96;95;97
97;93;95;96
98;99;100
99;98;103
100;98;103
101;102;103
102;101;105
103;99;100;101
104;105;106
105;102;104
106;104;111
107;108;110
108;107;111
109;110;111
110;107;109
111;106;108;109
112;113;114
113;112;116
114;112;115
115;114;118
116;113;117
117;116;118
118;115;117
119;120;121
120;119;122
121;119;122
122;120;121
123;124;125
124;123;125
125;123;124
126;127;128
127;126;128
128;126;127
129;130;131
130;129;132
131;129;132
132;130;131
133;134;137
134;133;135
135;134;138
136;137;139
137;133;136
138;135;140
139;136;141
140;138;142
141;139;142
142;140;141
143;144;145
144;143;146
145;143;147
146;144;147
147;145;146
148;149;151
149;148;150
150;149;152
151;148;152
152;150;151
153;154;157
154;153;155
155;154;157
156;157;161
157;153;155;156
158;159;162
159;158;160
160;159;161
161;156;160
162;158;163
163;162;165
164;165;166
165;163;164
166;164;168
167;168;170
168;166;167
169;170;179
170;167;169
171;172;174
172;171;174
173;174;175
174;171;172;173
175;173;176
176;175;177
177;176;178
178;177;181
179;169;183
180;181;182
181;178;180
182;180;183
183;179;182
184;185;186
185;184;188
186;184;187
187;186;189
188;185;192
189;187;192
190;191;192
191;190;192
192;188;189;190;191
193;194;195
194;193;195
195;193;194
196;197;202
197;196;199
198;199;200
199;197;198
200;198;201
201;200;208
202;196;203
203;202;210
204;205;206
205;204;207
206;204;208
207;205;208
208;201;206;207
209;210;214
210;203;209
211;212;213
212;211;214
213;211;214
214;209;212;213
215;216;220
216;215;218
217;218;219
218;216;217
219;217;220
220;215;219
221;222;223
222;221;223
223;221;222
224;225;230
225;224;226
226;225;227
227;226;229
228;229;230
229;227;228
230;224;228
231;232;234
232;231;235
233;234;238
234;231;233
235;232;236
236;235;237
237;236;238
238;233;237
239;240;241
240;239;241
241;239;240
242;243;244
243;242;244
244;242;243
245;246;248
246;245;248
247;248;249
248;245;246;247
249;247;251
250;251;256
251;249;250
252;253;254
253;252;254
254;252;253
255;256;257
256;250;255
257;255;260
258;259;262
259;258;263
260;257;266
261;262;265
262;258;261
263;259;265
264;265;267
265;261;263;264
266;260;268
267;264;268
268;266;267
269;270;271
270;269;271
271;269;270
272;273;275
273;272;274
274;273;276
275;272;279
276;274;278
277;278;279
278;276;277
279;275;277
280;281;283
281;280;283
282;283;284
283;280;281;282
284;282;285
285;284;288
286;287;291
287;286;289
288;285;290
289;287;291
290;288;293
291;286;289
292;293;294
293;290;292
294;292;297
295;296;298
296;295;297
297;294;296
298;295;300
299;300;301
300;298;299
301;299;302
302;301;303
303;302;305
304;305;306
305;303;304
306;304;310
307;308;311
308;307;310
309;310;312
310;306;308;309
311;307;314
312;309;313
313;312;315
314;311;319
315;313;316
316;315;319
317;318;322
318;317;321
319;314;316
320;321;322
321;318;320
322;317;320
323;324;326
324;323;325
325;324;326
326;323;325
327;328;331
328;327;329
329;328;330
330;329;331
331;327;330
332;333;334
333;332;334
334;332;333
335;336;337
336;335;339
337;335;338
338;337;339
339;336;338
340;341;342
341;340;342
342;340;341
343;344;347
344;343;345
345;344;349
346;347;350
347;343;346
348;349;350
349;345;348
350;346;348
351;352;353
352;351;353
353;351;352
354;355;362
355;354;357
356;357;358
357;355;356
358;356;360
359;360;365
360;358;359
361;362;364
362;354;361
363;364;365
364;361;363
365;359;363
366;367;368
367;366;368
368;366;367
369;370;372
370;369;372
371;372;374
372;369;370;371
373;374;376
374;371;373
375;376;378
376;373;375
377;378;380
378;375;377
379;380;381
380;377;379
381;379;386
382;383;384
383;382;389
384;382;385
385;384;389
386;381;387
387;386;388
388;387;389
389;383;385;388
390;391;392
391;390;393
392;390;394
393;391;395
394;392;396
395;393;397
396;394;397
397;395;396
398;399;401
399;398;401
400;401;408
401;398;399;400
402;403;404
403;402;404
404;402;403
405;406;408
406;405;407
407;406;411
408;400;405
409;410;411
410;409;411
411;407;409;410
412;413;414
413;412;418
414;412;418
415;416;417
416;415;417
417;415;416
418;413;414
419;420;421
420;419;425
421;419;422
422;421;424
423;424;425
424;422;423
425;420;423
426;427;430
427;426;428
428;427;432
429;430;433
430;426;429
431;432;434
432;428;431
433;429;435
434;431;435
435;433;434
436;437;441
437;436;441
438;439;440
439;438;440
440;438;439
441;436;437
442;443;444
443;442;445
444;442;445
445;443;444
446;447;448
447;446;449
448;446;454
449;447;450
450;449;452
451;452;455
452;450;451
453;454;459
454;448;453
455;451;456
456;455;460
457;458;462
458;457;459
459;453;458
460;456;461
461;460;463
462;457;465
463;461;464
464;463;468
465;462;468
466;467;469
467;466;468
468;464;465;467
469;466;471
470;471;472
471;469;470
472;470;473
473;472;476
474;475;476
475;474;477
476;473;474
477;475;478
478;477;480
479;480;481
480;478;479
481;479;482
482;481;485
483;484;487
484;483;487
485;482;487
486;487;491
487;483;484;485;486
488;489;490
489;488;490
490;488;489
491;486;492
492;491;494
493;494;495
494;492;493
495;493;497
496;497;498
497;495;496
498;496;500
499;500
500;498;499
