1;143
2
3
4
5
6
7
8
9
10
11
12
13
14
15
16
17
18
19
20
21
22;209
23
24
25
26
27
28
29
30
31
32
33
34
35
36
37
38
39
40
41
42
43;474
44
45
46
47
48
49
50
51
52
53
54
55
56
57
58
59
60
61
62
63
64;272
65
66
67
68
69
70
71
72
73
74
75
76
77
78
79
80
81
82;189
83
84;206
85
86
87
88
89
90
91
92
93
94;400
95
96
97;338
98
99
100;105
101
102
103
104
105;100
106
107
108
109
110
111
112;463
113
114;486
115
116
117
118
119
120
121
122
123
124
125
126;240
127
128
129
130
131
132
133
134
135
136
137
138
139
140
141
142
143;1
144
145
146
147;303
148
149
150
151
152
153
154
155
156
157
158
159
160
161
162
163
164
165
166
167
168
169
170
171
172;230
173
174
175
176
177
178
179
180;407
181
182
183
184
185
186
187
188
189;82
190
191
192;254
193
194
195
196
197
198
199
200
201
202
203
204
205
206;84
207
208
209;22
210
211
212
213
214
215
216
217
218
219
220
221
222
223
224
225
226
227
228
229;497
230;172
231;322
232
233
234
235
236
237;324
238
239
240;126
241
242;397
243
244;363
245
246
247
248
249
250
251
252
253
254;192
255
256
257
258
259
260
261
262
263
264
265
266
267
268
269
270
271
272;64
273
274
275
276
277
278
279
280
281
282
283
284
285
286
287
288
289
290;336
291
292
293
294
295
296
297
298
299
300
301
302;467
303;147
304
305;434
306
307
308
309
310;429
311
312
313
314
315
316
317
318
319;446
320
321
322;231
323
324;237
325
326
327
328
329
330;352
331
332
333
334
335
336;290
337
338;97
339
340
341
342
343
344
345
346
347
348
349
350
351
352;330
353
354
355
356
357
358
359
360
361
362
363;244
364;418
365
366
367
368
369
370
371
372
373
374
375;420
376
377
378
379
380
381
382
383
384
385
386;407
387
388
389
390
391
392
393
394
395
396
397;242
398
399
400;94
401
402
403
404
405
406
407;386;180
408
409
410
411
412
413
414
415
416
417
418;364
419
420;375
421
422
423
424
425
426
427
428
429;310
430
431
432
433
434;305
435
436
437
438
439
440
441
442
443
444
445
446;319
447
448
449
450
451
452
453
454
455
456
457
458
459
460
461
462
463;112
464
465
466
467;302
468
469
470
471
472
473
474;43
475
476
477
478
479
480
481
482
483
484
485
486;114
487
488
489
490
491
492
493
494
495
496
497;229
498
499
500
